Title;DateTime
Протестът срещу "кражбите в бюджета" обхваща още градове;няма дата
Къде ще са полицейските КПП-та за протеста;няма дата
"Информационно обслужване" издирва "на живот и смърт" 3000 съакционери;няма дата
"Филмаутор" и "Артистаутор" заплашиха със съд заради бездействие и поискаха оставки в културния сектор;няма дата
Банковите карти няма да работят за 4 часа в нощта на Нова година;няма дата
"Магазин за хората" на Пеевски тръгва с щандове в 71 обекта, предимно в села (Обновена);няма дата
Карлос Насар подписа договор с федерацията по щанги и се обяви срещу намесата на Пеевски в спорта;няма дата
България поиска 3.2 млрд. евро заеми за въоръжение. Какво ще бъде закупено?;няма дата
Gunvor, "марионетка на Кремъл" и кандидат за активите на Лукойл, минава в ръцете на американец;няма дата
Прокурорите на Кьовеши предадоха на съд бившия кмет на Варна Иван Портних;няма дата
Може ли Тръмп да нападне Венецуела? САЩ са предложили на Мадуро да замине за Русия;няма дата
Прокуратурата проверява средното образование на Георги Иванов-Гонзо;няма дата
Опитът на София да спаси от криза с боклука поне 3 района засега е неуспешен;няма дата
Неуредиците около биомаркерната диагностика на онкоболните продължават втора година;няма дата
Президентът: Защо при 10 млрд. лв. здравен бюджет 550 деца разчитат на "Българската Коледа";няма дата
На преговорите със САЩ Украйна е отказала да предаде Донбас на Путин;няма дата
Биткойнът падна под 90 000 долара;няма дата
Първи работен ден за Благомир Коцев: Отпочинал и в очакване на протеста;няма дата
Сметната палата даде пример - гони пенсионерите, реже бонусите, но търси над 50 одитори;няма дата
"Мидас" срещу Миндич: Най-голямата антикорупционна операция в историята на Украйна;няма дата
Microsoft иска да бъде центърът на AI агенти за бизнеса;няма дата
Пешеходец и полицай загинаха при две катастрофи на Северната тангента;няма дата
Българи в Лондон подкрепят протеста: Време е за промяна!;няма дата
Широкият център на София е забранена зона за хиляди стари коли;няма дата
Започва продажбата на стартовите комплекти евромонети;няма дата
Нови 274 случая на ХИВ са регистрирани от началото на годината;няма дата
Любо Пенев се бори с онкологично заболяване;няма дата
Времето: Очаква се слънчев понеделник и валежи след средата на седмицата;няма дата
Кой печели мимолетна слава от обира на Лувъра;няма дата
Рекордни приходи за оръжейните производители въпреки производствените проблеми;няма дата
Почина финансистът Емил Хърсев;няма дата
Васил Пандов ще съди Слави Трифонов;няма дата
Жена е причина за убийството на сина на бизнесмен от Мадан;няма дата
Управляващите спират Бюджет 2026 по нареждане на Борисов (обновена);няма дата
Ползването на автомобил в София ще става все по-скъпо;няма дата
Илия Кръстев: България рискува да влезе в еврозоната без реални икономически ползи;няма дата
Ивайло Калфин: Администрацията трябва да се намали, но не и да бъде демонизирана;няма дата
България;няма дата
Война в Украйна;няма дата
Бизнес;няма дата
Свят;няма дата
Близък изток;няма дата
